SAMPLE,Source Colony ID,sampleID,Source,Treated,Date Collected,Nursery,Species,Preserved Method,Extraction Method,Extraction Date,Extraction Notes,Elution vol,260/280,260/230,Qb ng/µL,25 ng/uL Dilution Total Volume,Volume H2O,uL DNA for 25 ng/uL dilution,Pool,i5_F_primer (TruSeq),i7_R_primer (collumn),i5_Index (row),i7_Index(rev_comp),,,,Bams
50,PC17,PC_002,FWC,N,5/3/2021,in situ,PCLI,DNA Shield,2bRAD,11/18/2021,,20,,,107,10,7.7,2.3,8,ATCACG,AAGC,,GCTT,1-1,1-1_GCTT,50,rtt_50
51,PC23,PC_003,FWC,N,5/3/2021,in situ,PCLI,DNA Shield,2bRAD,11/18/2021,,20,,,44,10,4.3,5.7,8,ATCACG,AAGC,,GCTT,1-2,1-2_GCTT,51,rtt_51
52,PC1 ,PC_004,FWC,N,5/3/2021,in situ,PCLI,DNA Shield,2bRAD,11/18/2021,,20,,,41.8,10,4.0,6.0,8,ATCACG,AAGC,,GCTT,1-3,1-3_GCTT,52,rtt_52
53,PC21,PC_005,FWC,N,5/3/2021,in situ,PCLI,DNA Shield,2bRAD,11/18/2021,,20,,,134,10,8.1,1.9,8,ATCACG,AAGC,,GCTT,1-4,1-4_GCTT,53,rtt_53
54,PC10,PC_006,FWC,N,5/3/2021,in situ,PCLI,DNA Shield,2bRAD,11/18/2021,,20,,,107,10,7.7,2.3,8,ATCACG,AAGC,,GCTT,1-5,1-5_GCTT,54,rtt_54
55,PC5,PC_007,UM,N,5/3/2021,in situ,PCLI,DNA Shield,2bRAD,11/18/2021,,20,,,136,10,8.2,1.8,8,ATCACG,AAGC,,GCTT,1-6,1-6_GCTT,55,rtt_55
57,PC2,PC_009,FWC,N,5/3/2021,in situ,PCLI,DNA Shield,2bRAD,11/18/2021,,20,,,270,15,13.6,1.4,9,ATCACG,GTAG,,CTAC,1-1,1-1_CTAC,57,rtt_57
58,PC6,PC_010,UM,N,5/3/2021,in situ,PCLI,DNA Shield,2bRAD,11/18/2021,,20,,,81.8,10,6.9,3.1,9,ATCACG,GTAG,,CTAC,1-2,1-2_CTAC,58,rtt_58
59,PC26,PC_011,FWC,N,5/3/2021,in situ,PCLI,DNA Shield,2bRAD,11/18/2021,,20,,,76.2,10,6.7,3.3,9,ATCACG,GTAG,,CTAC,1-3,1-3_CTAC,59,rtt_59
60,PC29,PC_012,FWC,N,5/3/2021,in situ,PCLI,DNA Shield,2bRAD,11/18/2021,,20,,,32.6,10,2.3,7.7,9,ATCACG,GTAG,,CTAC,1-4,1-4_CTAC,60,rtt_60
61,PC11,PC_013,FWC,N,5/3/2021,in situ,PCLI,DNA Shield,2bRAD,11/18/2021,,20,,,69,10,6.4,3.6,9,ATCACG,GTAG,,CTAC,1-5,1-5_CTAC,61,rtt_61
62,PC18,PC_014,FWC,N,5/3/2021,in situ,PCLI,DNA Shield,2bRAD,11/18/2021,,20,,,26.4,10,0.5,9.5,9,ATCACG,GTAG,,CTAC,1-6,1-6_CTAC,62,rtt_62
63,PC27,PC_015X,FWC,N,5/3/2021,in situ,PCLI,DNA Shield,2bRAD,11/18/2021,rextracted on 1/12/22,20,,,132,10,8.1,1.9,9,ATCACG,GTAG,,CTAC,1-7,1-7_CTAC,63,rtt_63
64,PC3,PC_016,RR,N,5/3/2021,in situ,PCLI,DNA Shield,2bRAD,11/18/2021,,20,,,186,10,8.7,1.3,10,ATCACG,GACA,,TGTC,1-1,1-1_TGTC,64,rtt_64
65,PC13,PC_017,RR,N,5/3/2021,in situ,PCLI,DNA Shield,2bRAD,11/18/2021,,20,,,184,10,8.6,1.4,10,ATCACG,GACA,,TGTC,1-2,1-2_TGTC,65,rtt_65
66,PC4,PC_018,UM,N,5/3/2021,in situ,PCLI,DNA Shield,2bRAD,11/18/2021,,20,,,36.4,10,3.1,6.9,10,ATCACG,GACA,,TGTC,1-3,1-3_TGTC,66,rtt_66
67,PC2,PC_019,UM,N,5/3/2021,in situ,PCLI,DNA Shield,2bRAD,11/18/2021,,20,,,131,10,8.1,1.9,10,ATCACG,GACA,,TGTC,1-4,1-4_TGTC,67,rtt_67
68,PC3,PC_020,UM,N,5/3/2021,in situ,PCLI,DNA Shield,2bRAD,11/18/2021,,20,,,70.2,10,6.4,3.6,10,ATCACG,GACA,,TGTC,1-5,1-5_TGTC,68,rtt_68
69,PC25,PC_021,FWC,N,5/3/2021,in situ,PCLI,DNA Shield,2bRAD,11/18/2021,,20,,,115,10,7.8,2.2,10,ATCACG,GACA,,TGTC,1-6,1-6_TGTC,69,rtt_69
70,PC14,PC_022,RR,N,5/3/2021,in situ,PCLI,DNA Shield,2bRAD,11/18/2021,,20,,,47.8,10,4.8,5.2,10,ATCACG,GACA,,TGTC,1-7,1-7_TGTC,70,rtt_70
71,PC15,PC_023,RR,N,5/3/2021,in situ,PCLI,DNA Shield,2bRAD,11/18/2021,,20,,,64,10,6.1,3.9,11,ATCACG,GTGA,,TCAC,1-1,1-1_TCAC,71,rtt_71
72.1,PC1,PC_024,UM,N,5/3/2021,in situ,PCLI,DNA Shield,2bRAD,11/18/2021,,20,,,260,10,9.0,1.0,11,ATCACG,GTGA,,TCAC,1-2,1-2_TCAC,72.1,rtt_72
72.1,PC1,PC_024,UM,N,5/3/2021,in situ,PCLI,DNA Shield,2bRAD,11/18/2021,,20,,,260,10,9.0,1.0,11,ATCACG,GTGA,,TCAC,1-6,1-6_TCAC,72.2,rtt_72_2
72.3,PC1,PC_024,UM,N,5/3/2021,in situ,PCLI,DNA Shield,2bRAD,11/18/2021,,20,,,260,10,9.0,1.0,11,ATCACG,GTGA,,TCAC,1-7,1-7_TCAC,72.3,rtt_72_3
73,PC1,PC_025,MOTE,N,5/3/2021,?,PCLI,DNA Shield,2bRAD,12/1/2021,,20,,,44.6,10,4.4,5.6,11,ATCACG,GTGA,,TCAC,1-3,1-3_TCAC,73,rtt_73
74,PC12,PC_026,MOTE,N,5/3/2021,?,PCLI,DNA Shield,2bRAD,12/1/2021,,20,,,191,10,8.7,1.3,11,ATCACG,GTGA,,TCAC,1-4,1-4_TCAC,74,rtt_74
75,PC17,PC_027,MOTE,N,5/3/2021,?,PCLI,DNA Shield,2bRAD,12/1/2021,,20,,,76,10,6.7,3.3,11,ATCACG,GTGA,,TCAC,1-5,1-5_TCAC,75,rtt_75
